img_name,storm,datetime_utc,lat,lon,pressure_mb,wind_kt,wind_kmph,category,cat_idx,has_raw
AMPHAN_20200516T0000.jpg,AMPHAN,2020-05-16T00:00:00,10.40,87.00,1000.0,25.0,46.3,Depression,1,True
AMPHAN_20200516T0030.jpg,AMPHAN,2020-05-16T00:30:00,10.45,86.92,1000.0,25.0,46.3,Depression,1,True
AMPHAN_20200516T0100.jpg,AMPHAN,2020-05-16T01:00:00,10.50,86.83,1000.0,25.0,46.3,Depression,1,True
AMPHAN_20200516T0130.jpg,AMPHAN,2020-05-16T01:30:00,10.55,86.75,1000.0,25.0,46.3,Depression,1,True
AMPHAN_20200516T0200.jpg,AMPHAN,2020-05-16T02:00:00,10.60,86.67,1000.0,25.0,46.3,Depression,1,True
AMPHAN_20200516T0230.jpg,AMPHAN,2020-05-16T02:30:00,10.65,86.58,1000.0,25.0,46.3,Depression,1,True
AMPHAN_20200516T0300.jpg,AMPHAN,2020-05-16T03:00:00,10.70,86.50,1000.0,25.0,46.3,Depression,1,True
AMPHAN_20200516T0330.jpg,AMPHAN,2020-05-16T03:30:00,10.73,86.47,1000.0,25.0,46.3,Depression,1,True
AMPHAN_20200516T0400.jpg,AMPHAN,2020-05-16T04:00:00,10.77,86.43,1000.0,25.0,46.3,Depression,1,True
AMPHAN_20200516T0430.jpg,AMPHAN,2020-05-16T04:30:00,10.80,86.40,1000.0,25.0,46.3,Depression,1,True
AMPHAN_20200516T0500.jpg,AMPHAN,2020-05-16T05:00:00,10.83,86.37,1000.0,25.0,46.3,Depression,1,True
AMPHAN_20200516T0530.jpg,AMPHAN,2020-05-16T05:30:00,10.87,86.33,1000.0,25.0,46.3,Depression,1,True
AMPHAN_20200516T0600.jpg,AMPHAN,2020-05-16T06:00:00,10.90,86.30,1000.0,25.0,46.3,Depression,1,True
AMPHAN_20200516T0630.jpg,AMPHAN,2020-05-16T06:30:00,10.90,86.30,999.7,25.8,47.8,Depression,1,True
AMPHAN_20200516T0700.jpg,AMPHAN,2020-05-16T07:00:00,10.90,86.30,999.3,26.7,49.4,Depression,1,True
AMPHAN_20200516T0730.jpg,AMPHAN,2020-05-16T07:30:00,10.90,86.30,999.0,27.5,50.9,Deep Depression,2,True
AMPHAN_20200516T0800.jpg,AMPHAN,2020-05-16T08:00:00,10.90,86.30,998.7,28.3,52.5,Deep Depression,2,True
AMPHAN_20200516T0830.jpg,AMPHAN,2020-05-16T08:30:00,10.90,86.30,998.3,29.2,54.0,Deep Depression,2,True
AMPHAN_20200516T0900.jpg,AMPHAN,2020-05-16T09:00:00,10.90,86.30,998.0,30.0,55.6,Deep Depression,2,True
AMPHAN_20200516T0930.jpg,AMPHAN,2020-05-16T09:30:00,10.90,86.30,997.7,30.8,57.1,Deep Depression,2,True
AMPHAN_20200516T1000.jpg,AMPHAN,2020-05-16T10:00:00,10.90,86.30,997.3,31.7,58.6,Deep Depression,2,True
AMPHAN_20200516T1030.jpg,AMPHAN,2020-05-16T10:30:00,10.90,86.30,997.0,32.5,60.2,Deep Depression,2,True
AMPHAN_20200516T1100.jpg,AMPHAN,2020-05-16T11:00:00,10.90,86.30,996.7,33.3,61.7,Deep Depression,2,True
AMPHAN_20200516T1130.jpg,AMPHAN,2020-05-16T11:30:00,10.90,86.30,996.3,34.2,63.3,Cyclonic Storm,3,True
AMPHAN_20200516T1200.jpg,AMPHAN,2020-05-16T12:00:00,10.90,86.30,996.0,35.0,64.8,Cyclonic Storm,3,True
AMPHAN_20200516T1230.jpg,AMPHAN,2020-05-16T12:30:00,10.92,86.28,995.8,35.8,66.4,Cyclonic Storm,3,True
AMPHAN_20200516T1300.jpg,AMPHAN,2020-05-16T13:00:00,10.93,86.27,995.7,36.7,67.9,Cyclonic Storm,3,True
AMPHAN_20200516T1330.jpg,AMPHAN,2020-05-16T13:30:00,10.95,86.25,995.5,37.5,69.5,Cyclonic Storm,3,True
AMPHAN_20200516T1400.jpg,AMPHAN,2020-05-16T14:00:00,10.97,86.23,995.3,38.3,71.0,Cyclonic Storm,3,True
AMPHAN_20200516T1430.jpg,AMPHAN,2020-05-16T14:30:00,10.98,86.22,995.2,39.2,72.5,Cyclonic Storm,3,True
AMPHAN_20200516T1500.jpg,AMPHAN,2020-05-16T15:00:00,11.00,86.20,995.0,40.0,74.1,Cyclonic Storm,3,True
AMPHAN_20200516T1530.jpg,AMPHAN,2020-05-16T15:30:00,11.02,86.18,995.0,40.0,74.1,Cyclonic Storm,3,True
AMPHAN_20200516T1600.jpg,AMPHAN,2020-05-16T16:00:00,11.03,86.17,995.0,40.0,74.1,Cyclonic Storm,3,True
AMPHAN_20200516T1630.jpg,AMPHAN,2020-05-16T16:30:00,11.05,86.15,995.0,40.0,74.1,Cyclonic Storm,3,True
AMPHAN_20200516T1700.jpg,AMPHAN,2020-05-16T17:00:00,11.07,86.13,995.0,40.0,74.1,Cyclonic Storm,3,True
AMPHAN_20200516T1900.jpg,AMPHAN,2020-05-16T19:00:00,11.17,86.10,994.7,41.7,77.2,Cyclonic Storm,3,True
AMPHAN_20200516T1930.jpg,AMPHAN,2020-05-16T19:30:00,11.20,86.10,994.5,42.5,78.7,Cyclonic Storm,3,True
AMPHAN_20200516T2000.jpg,AMPHAN,2020-05-16T20:00:00,11.23,86.10,994.3,43.3,80.3,Cyclonic Storm,3,True
AMPHAN_20200516T2030.jpg,AMPHAN,2020-05-16T20:30:00,11.27,86.10,994.2,44.2,81.8,Cyclonic Storm,3,True
AMPHAN_20200516T2100.jpg,AMPHAN,2020-05-16T21:00:00,11.30,86.10,994.0,45.0,83.3,Cyclonic Storm,3,True
AMPHAN_20200516T2130.jpg,AMPHAN,2020-05-16T21:30:00,11.32,86.08,993.7,45.0,83.3,Cyclonic Storm,3,True
AMPHAN_20200516T2200.jpg,AMPHAN,2020-05-16T22:00:00,11.33,86.07,993.3,45.0,83.3,Cyclonic Storm,3,True
AMPHAN_20200516T2230.jpg,AMPHAN,2020-05-16T22:30:00,11.35,86.05,993.0,45.0,83.3,Cyclonic Storm,3,True
AMPHAN_20200516T2300.jpg,AMPHAN,2020-05-16T23:00:00,11.37,86.03,992.7,45.0,83.3,Cyclonic Storm,3,True
AMPHAN_20200516T2330.jpg,AMPHAN,2020-05-16T23:30:00,11.38,86.02,992.3,45.0,83.3,Cyclonic Storm,3,True
AMPHAN_20200517T0000.jpg,AMPHAN,2020-05-17T00:00:00,11.40,86.00,992.0,45.0,83.3,Cyclonic Storm,3,True
AMPHAN_20200517T0030.jpg,AMPHAN,2020-05-17T00:30:00,11.40,86.00,991.7,45.8,84.9,Cyclonic Storm,3,True
AMPHAN_20200517T0100.jpg,AMPHAN,2020-05-17T01:00:00,11.40,86.00,991.3,46.7,86.4,Cyclonic Storm,3,True
AMPHAN_20200517T0130.jpg,AMPHAN,2020-05-17T01:30:00,11.40,86.00,991.0,47.5,88.0,Cyclonic Storm,3,True
AMPHAN_20200517T0200.jpg,AMPHAN,2020-05-17T02:00:00,11.40,86.00,990.7,48.3,89.5,Severe Cyclonic Storm,4,True
AMPHAN_20200517T0230.jpg,AMPHAN,2020-05-17T02:30:00,11.40,86.00,990.3,49.2,91.1,Severe Cyclonic Storm,4,True
AMPHAN_20200517T0300.jpg,AMPHAN,2020-05-17T03:00:00,11.40,86.00,990.0,50.0,92.6,Severe Cyclonic Storm,4,True
AMPHAN_20200517T0330.jpg,AMPHAN,2020-05-17T03:30:00,11.42,86.00,989.7,50.8,94.1,Severe Cyclonic Storm,4,True
AMPHAN_20200517T0400.jpg,AMPHAN,2020-05-17T04:00:00,11.43,86.00,989.3,51.7,95.7,Severe Cyclonic Storm,4,True
AMPHAN_20200517T0430.jpg,AMPHAN,2020-05-17T04:30:00,11.45,86.00,989.0,52.5,97.2,Severe Cyclonic Storm,4,True
AMPHAN_20200517T0500.jpg,AMPHAN,2020-05-17T05:00:00,11.47,86.00,988.7,53.3,98.8,Severe Cyclonic Storm,4,True
AMPHAN_20200517T0530.jpg,AMPHAN,2020-05-17T05:30:00,11.48,86.00,988.3,54.2,100.3,Severe Cyclonic Storm,4,True
AMPHAN_20200517T0600.jpg,AMPHAN,2020-05-17T06:00:00,11.50,86.00,988.0,55.0,101.9,Severe Cyclonic Storm,4,True
AMPHAN_20200517T0630.jpg,AMPHAN,2020-05-17T06:30:00,11.53,86.00,986.7,56.7,104.9,Severe Cyclonic Storm,4,True
AMPHAN_20200517T0700.jpg,AMPHAN,2020-05-17T07:00:00,11.57,86.00,985.3,58.3,108.0,Severe Cyclonic Storm,4,True
AMPHAN_20200517T0730.jpg,AMPHAN,2020-05-17T07:30:00,11.60,86.00,984.0,60.0,111.1,Severe Cyclonic Storm,4,True
AMPHAN_20200517T0800.jpg,AMPHAN,2020-05-17T08:00:00,11.63,86.00,982.7,61.7,114.2,Severe Cyclonic Storm,4,True
AMPHAN_20200517T0830.jpg,AMPHAN,2020-05-17T08:30:00,11.67,86.00,981.3,63.3,117.3,Severe Cyclonic Storm,4,True
AMPHAN_20200517T0900.jpg,AMPHAN,2020-05-17T09:00:00,11.70,86.00,980.0,65.0,120.4,Very Severe Cyclonic Storm,5,True
AMPHAN_20200517T0930.jpg,AMPHAN,2020-05-17T09:30:00,11.75,86.00,979.7,65.8,121.9,Very Severe Cyclonic Storm,5,True
AMPHAN_20200517T1000.jpg,AMPHAN,2020-05-17T10:00:00,11.80,86.00,979.3,66.7,123.5,Very Severe Cyclonic Storm,5,True
AMPHAN_20200517T1030.jpg,AMPHAN,2020-05-17T10:30:00,11.85,86.00,979.0,67.5,125.0,Very Severe Cyclonic Storm,5,True
AMPHAN_20200517T1100.jpg,AMPHAN,2020-05-17T11:00:00,11.90,86.00,978.7,68.3,126.6,Very Severe Cyclonic Storm,5,True
AMPHAN_20200517T1130.jpg,AMPHAN,2020-05-17T11:30:00,11.95,86.00,978.3,69.2,128.1,Very Severe Cyclonic Storm,5,True
AMPHAN_20200517T1200.jpg,AMPHAN,2020-05-17T12:00:00,12.00,86.00,978.0,70.0,129.6,Very Severe Cyclonic Storm,5,True
AMPHAN_20200517T1230.jpg,AMPHAN,2020-05-17T12:30:00,12.13,86.03,978.0,70.0,129.6,Very Severe Cyclonic Storm,5,True
AMPHAN_20200517T1300.jpg,AMPHAN,2020-05-17T13:00:00,12.27,86.07,978.0,70.0,129.6,Very Severe Cyclonic Storm,5,True
AMPHAN_20200517T1330.jpg,AMPHAN,2020-05-17T13:30:00,12.40,86.10,978.0,70.0,129.6,Very Severe Cyclonic Storm,5,True
AMPHAN_20200517T1400.jpg,AMPHAN,2020-05-17T14:00:00,12.53,86.13,978.0,70.0,129.6,Very Severe Cyclonic Storm,5,True
AMPHAN_20200517T1430.jpg,AMPHAN,2020-05-17T14:30:00,12.67,86.17,978.0,70.0,129.6,Very Severe Cyclonic Storm,5,True
AMPHAN_20200517T1500.jpg,AMPHAN,2020-05-17T15:00:00,12.80,86.20,978.0,70.0,129.6,Very Severe Cyclonic Storm,5,True
AMPHAN_20200517T1530.jpg,AMPHAN,2020-05-17T15:30:00,12.75,86.18,976.7,71.7,132.7,Very Severe Cyclonic Storm,5,True
AMPHAN_20200517T1600.jpg,AMPHAN,2020-05-17T16:00:00,12.70,86.17,975.3,73.3,135.8,Very Severe Cyclonic Storm,5,True
AMPHAN_20200517T1630.jpg,AMPHAN,2020-05-17T16:30:00,12.65,86.15,974.0,75.0,138.9,Very Severe Cyclonic Storm,5,True
AMPHAN_20200517T1700.jpg,AMPHAN,2020-05-17T17:00:00,12.60,86.13,972.7,76.7,142.0,Very Severe Cyclonic Storm,5,True
AMPHAN_20200517T1730.jpg,AMPHAN,2020-05-17T17:30:00,12.55,86.12,971.3,78.3,145.1,Very Severe Cyclonic Storm,5,True
AMPHAN_20200517T1800.jpg,AMPHAN,2020-05-17T18:00:00,12.50,86.10,970.0,80.0,148.2,Very Severe Cyclonic Storm,5,True
AMPHAN_20200517T1830.jpg,AMPHAN,2020-05-17T18:30:00,12.57,86.15,968.7,81.7,151.2,Very Severe Cyclonic Storm,5,True
AMPHAN_20200517T1900.jpg,AMPHAN,2020-05-17T19:00:00,12.63,86.20,967.3,83.3,154.3,Very Severe Cyclonic Storm,5,True
AMPHAN_20200517T1930.jpg,AMPHAN,2020-05-17T19:30:00,12.70,86.25,966.0,85.0,157.4,Very Severe Cyclonic Storm,5,True
AMPHAN_20200517T2000.jpg,AMPHAN,2020-05-17T20:00:00,12.77,86.30,964.7,86.7,160.5,Very Severe Cyclonic Storm,5,True
AMPHAN_20200517T2030.jpg,AMPHAN,2020-05-17T20:30:00,12.83,86.35,963.3,88.3,163.6,Very Severe Cyclonic Storm,5,True
AMPHAN_20200517T2100.jpg,AMPHAN,2020-05-17T21:00:00,12.90,86.40,962.0,90.0,166.7,Very Severe Cyclonic Storm,5,True
AMPHAN_20200517T2130.jpg,AMPHAN,2020-05-17T21:30:00,12.95,86.38,960.3,91.7,169.8,Extremely Severe Cyclonic Storm,6,True
AMPHAN_20200517T2200.jpg,AMPHAN,2020-05-17T22:00:00,13.00,86.37,958.7,93.3,172.9,Extremely Severe Cyclonic Storm,6,True
AMPHAN_20200517T2230.jpg,AMPHAN,2020-05-17T22:30:00,13.05,86.35,957.0,95.0,175.9,Extremely Severe Cyclonic Storm,6,True
AMPHAN_20200517T2300.jpg,AMPHAN,2020-05-17T23:00:00,13.10,86.33,955.3,96.7,179.0,Extremely Severe Cyclonic Storm,6,True
AMPHAN_20200517T2330.jpg,AMPHAN,2020-05-17T23:30:00,13.15,86.32,953.7,98.3,182.1,Extremely Severe Cyclonic Storm,6,True
AMPHAN_20200518T0000.jpg,AMPHAN,2020-05-18T00:00:00,13.20,86.30,952.0,100.0,185.2,Extremely Severe Cyclonic Storm,6,True
AMPHAN_20200518T0030.jpg,AMPHAN,2020-05-18T00:30:00,13.22,86.28,949.3,102.5,189.8,Extremely Severe Cyclonic Storm,6,True
AMPHAN_20200518T0100.jpg,AMPHAN,2020-05-18T01:00:00,13.23,86.27,946.7,105.0,194.5,Extremely Severe Cyclonic Storm,6,True
AMPHAN_20200518T0130.jpg,AMPHAN,2020-05-18T01:30:00,13.25,86.25,944.0,107.5,199.1,Extremely Severe Cyclonic Storm,6,True
AMPHAN_20200518T0200.jpg,AMPHAN,2020-05-18T02:00:00,13.27,86.23,941.3,110.0,203.7,Extremely Severe Cyclonic Storm,6,True
AMPHAN_20200518T0230.jpg,AMPHAN,2020-05-18T02:30:00,13.28,86.22,938.7,112.5,208.4,Extremely Severe Cyclonic Storm,6,True
AMPHAN_20200518T0300.jpg,AMPHAN,2020-05-18T03:00:00,13.30,86.20,936.0,115.0,213.0,Extremely Severe Cyclonic Storm,6,True
AMPHAN_20200518T0330.jpg,AMPHAN,2020-05-18T03:30:00,13.32,86.20,935.0,115.8,214.5,Extremely Severe Cyclonic Storm,6,True
AMPHAN_20200518T0400.jpg,AMPHAN,2020-05-18T04:00:00,13.33,86.20,934.0,116.7,216.1,Extremely Severe Cyclonic Storm,6,True
AMPHAN_20200518T0430.jpg,AMPHAN,2020-05-18T04:30:00,13.35,86.20,933.0,117.5,217.6,Extremely Severe Cyclonic Storm,6,True
AMPHAN_20200518T0500.jpg,AMPHAN,2020-05-18T05:00:00,13.37,86.20,932.0,118.3,219.2,Extremely Severe Cyclonic Storm,6,True
AMPHAN_20200518T0530.jpg,AMPHAN,2020-05-18T05:30:00,13.38,86.20,931.0,119.2,220.7,Extremely Severe Cyclonic Storm,6,True
AMPHAN_20200518T0600.jpg,AMPHAN,2020-05-18T06:00:00,13.40,86.20,930.0,120.0,222.2,Super Cyclonic Storm,7,True
AMPHAN_20200518T0630.jpg,AMPHAN,2020-05-18T06:30:00,13.45,86.20,930.0,120.0,222.2,Super Cyclonic Storm,7,True
AMPHAN_20200518T0700.jpg,AMPHAN,2020-05-18T07:00:00,13.50,86.20,930.0,120.0,222.2,Super Cyclonic Storm,7,True
AMPHAN_20200518T0730.jpg,AMPHAN,2020-05-18T07:30:00,13.55,86.20,930.0,120.0,222.2,Super Cyclonic Storm,7,True
AMPHAN_20200518T0800.jpg,AMPHAN,2020-05-18T08:00:00,13.60,86.20,930.0,120.0,222.2,Super Cyclonic Storm,7,True
AMPHAN_20200518T0830.jpg,AMPHAN,2020-05-18T08:30:00,13.65,86.20,930.0,120.0,222.2,Super Cyclonic Storm,7,True
AMPHAN_20200518T0900.jpg,AMPHAN,2020-05-18T09:00:00,13.70,86.20,930.0,120.0,222.2,Super Cyclonic Storm,7,True
AMPHAN_20200518T0930.jpg,AMPHAN,2020-05-18T09:30:00,13.75,86.22,929.3,120.8,223.8,Super Cyclonic Storm,7,True
AMPHAN_20200518T1000.jpg,AMPHAN,2020-05-18T10:00:00,13.80,86.23,928.7,121.7,225.3,Super Cyclonic Storm,7,True
AMPHAN_20200518T1030.jpg,AMPHAN,2020-05-18T10:30:00,13.85,86.25,928.0,122.5,226.9,Super Cyclonic Storm,7,True
AMPHAN_20200518T1100.jpg,AMPHAN,2020-05-18T11:00:00,13.90,86.27,927.3,123.3,228.4,Super Cyclonic Storm,7,True
AMPHAN_20200518T1130.jpg,AMPHAN,2020-05-18T11:30:00,13.95,86.28,926.7,124.2,230.0,Super Cyclonic Storm,7,True
AMPHAN_20200518T1200.jpg,AMPHAN,2020-05-18T12:00:00,14.00,86.30,926.0,125.0,231.5,Super Cyclonic Storm,7,True
AMPHAN_20200518T1230.jpg,AMPHAN,2020-05-18T12:30:00,14.08,86.32,926.0,125.0,231.5,Super Cyclonic Storm,7,True
AMPHAN_20200518T1300.jpg,AMPHAN,2020-05-18T13:00:00,14.17,86.33,926.0,125.0,231.5,Super Cyclonic Storm,7,True
AMPHAN_20200518T1330.jpg,AMPHAN,2020-05-18T13:30:00,14.25,86.35,926.0,125.0,231.5,Super Cyclonic Storm,7,True
AMPHAN_20200518T1400.jpg,AMPHAN,2020-05-18T14:00:00,14.33,86.37,926.0,125.0,231.5,Super Cyclonic Storm,7,True
AMPHAN_20200518T1430.jpg,AMPHAN,2020-05-18T14:30:00,14.42,86.38,926.0,125.0,231.5,Super Cyclonic Storm,7,True
AMPHAN_20200518T1500.jpg,AMPHAN,2020-05-18T15:00:00,14.50,86.40,926.0,125.0,231.5,Super Cyclonic Storm,7,True
AMPHAN_20200518T1530.jpg,AMPHAN,2020-05-18T15:30:00,14.57,86.42,925.0,125.8,233.0,Super Cyclonic Storm,7,True
AMPHAN_20200518T1600.jpg,AMPHAN,2020-05-18T16:00:00,14.63,86.43,924.0,126.7,234.6,Super Cyclonic Storm,7,True
AMPHAN_20200518T1630.jpg,AMPHAN,2020-05-18T16:30:00,14.70,86.45,923.0,127.5,236.1,Super Cyclonic Storm,7,True
AMPHAN_20200518T1700.jpg,AMPHAN,2020-05-18T17:00:00,14.77,86.47,922.0,128.3,237.7,Super Cyclonic Storm,7,True
AMPHAN_20200518T1730.jpg,AMPHAN,2020-05-18T17:30:00,14.83,86.48,921.0,129.2,239.2,Super Cyclonic Storm,7,True
AMPHAN_20200518T1800.jpg,AMPHAN,2020-05-18T18:00:00,14.90,86.50,920.0,130.0,240.8,Super Cyclonic Storm,7,True
AMPHAN_20200518T1830.jpg,AMPHAN,2020-05-18T18:30:00,14.95,86.52,920.0,130.0,240.8,Super Cyclonic Storm,7,True
AMPHAN_20200518T1900.jpg,AMPHAN,2020-05-18T19:00:00,15.00,86.53,920.0,130.0,240.8,Super Cyclonic Storm,7,True
AMPHAN_20200518T1930.jpg,AMPHAN,2020-05-18T19:30:00,15.05,86.55,920.0,130.0,240.8,Super Cyclonic Storm,7,True
AMPHAN_20200518T2000.jpg,AMPHAN,2020-05-18T20:00:00,15.10,86.57,920.0,130.0,240.8,Super Cyclonic Storm,7,True
AMPHAN_20200518T2030.jpg,AMPHAN,2020-05-18T20:30:00,15.15,86.58,920.0,130.0,240.8,Super Cyclonic Storm,7,True
AMPHAN_20200518T2100.jpg,AMPHAN,2020-05-18T21:00:00,15.20,86.60,920.0,130.0,240.8,Super Cyclonic Storm,7,True
AMPHAN_20200518T2130.jpg,AMPHAN,2020-05-18T21:30:00,15.27,86.62,921.0,129.2,239.2,Super Cyclonic Storm,7,True
AMPHAN_20200518T2200.jpg,AMPHAN,2020-05-18T22:00:00,15.33,86.63,922.0,128.3,237.7,Super Cyclonic Storm,7,True
AMPHAN_20200518T2230.jpg,AMPHAN,2020-05-18T22:30:00,15.40,86.65,923.0,127.5,236.1,Super Cyclonic Storm,7,True
AMPHAN_20200518T2300.jpg,AMPHAN,2020-05-18T23:00:00,15.47,86.67,924.0,126.7,234.6,Super Cyclonic Storm,7,True
AMPHAN_20200518T2330.jpg,AMPHAN,2020-05-18T23:30:00,15.53,86.68,925.0,125.8,233.0,Super Cyclonic Storm,7,True
AMPHAN_20200519T0000.jpg,AMPHAN,2020-05-19T00:00:00,15.60,86.70,926.0,125.0,231.5,Super Cyclonic Storm,7,True
AMPHAN_20200519T0030.jpg,AMPHAN,2020-05-19T00:30:00,15.67,86.72,926.7,124.2,230.0,Super Cyclonic Storm,7,True
AMPHAN_20200519T0100.jpg,AMPHAN,2020-05-19T01:00:00,15.73,86.73,927.3,123.3,228.4,Super Cyclonic Storm,7,True
AMPHAN_20200519T0130.jpg,AMPHAN,2020-05-19T01:30:00,15.80,86.75,928.0,122.5,226.9,Super Cyclonic Storm,7,True
AMPHAN_20200519T0200.jpg,AMPHAN,2020-05-19T02:00:00,15.87,86.77,928.7,121.7,225.3,Super Cyclonic Storm,7,True
AMPHAN_20200519T0230.jpg,AMPHAN,2020-05-19T02:30:00,15.93,86.78,929.3,120.8,223.8,Super Cyclonic Storm,7,True
AMPHAN_20200519T0300.jpg,AMPHAN,2020-05-19T03:00:00,16.00,86.80,930.0,120.0,222.2,Super Cyclonic Storm,7,True
AMPHAN_20200519T0330.jpg,AMPHAN,2020-05-19T03:30:00,16.08,86.82,931.0,119.2,220.7,Extremely Severe Cyclonic Storm,6,True
AMPHAN_20200519T0400.jpg,AMPHAN,2020-05-19T04:00:00,16.17,86.83,932.0,118.3,219.2,Extremely Severe Cyclonic Storm,6,True
AMPHAN_20200519T0430.jpg,AMPHAN,2020-05-19T04:30:00,16.25,86.85,933.0,117.5,217.6,Extremely Severe Cyclonic Storm,6,True
AMPHAN_20200519T0500.jpg,AMPHAN,2020-05-19T05:00:00,16.33,86.87,934.0,116.7,216.1,Extremely Severe Cyclonic Storm,6,True
AMPHAN_20200519T0530.jpg,AMPHAN,2020-05-19T05:30:00,16.42,86.88,935.0,115.8,214.5,Extremely Severe Cyclonic Storm,6,True
AMPHAN_20200519T0600.jpg,AMPHAN,2020-05-19T06:00:00,16.50,86.90,936.0,115.0,213.0,Extremely Severe Cyclonic Storm,6,True
AMPHAN_20200519T0630.jpg,AMPHAN,2020-05-19T06:30:00,16.58,86.90,937.0,114.2,211.4,Extremely Severe Cyclonic Storm,6,True
AMPHAN_20200519T0700.jpg,AMPHAN,2020-05-19T07:00:00,16.67,86.90,938.0,113.3,209.9,Extremely Severe Cyclonic Storm,6,True
AMPHAN_20200519T0730.jpg,AMPHAN,2020-05-19T07:30:00,16.75,86.90,939.0,112.5,208.4,Extremely Severe Cyclonic Storm,6,True
AMPHAN_20200519T0800.jpg,AMPHAN,2020-05-19T08:00:00,16.83,86.90,940.0,111.7,206.8,Extremely Severe Cyclonic Storm,6,True
AMPHAN_20200519T0830.jpg,AMPHAN,2020-05-19T08:30:00,16.92,86.90,941.0,110.8,205.3,Extremely Severe Cyclonic Storm,6,True
AMPHAN_20200519T0900.jpg,AMPHAN,2020-05-19T09:00:00,17.00,86.90,942.0,110.0,203.7,Extremely Severe Cyclonic Storm,6,True
AMPHAN_20200519T0930.jpg,AMPHAN,2020-05-19T09:30:00,17.07,86.92,942.7,109.2,202.2,Extremely Severe Cyclonic Storm,6,True
AMPHAN_20200519T1000.jpg,AMPHAN,2020-05-19T10:00:00,17.13,86.93,943.3,108.3,200.6,Extremely Severe Cyclonic Storm,6,True
AMPHAN_20200519T1030.jpg,AMPHAN,2020-05-19T10:30:00,17.20,86.95,944.0,107.5,199.1,Extremely Severe Cyclonic Storm,6,True
AMPHAN_20200519T1100.jpg,AMPHAN,2020-05-19T11:00:00,17.27,86.97,944.7,106.7,197.5,Extremely Severe Cyclonic Storm,6,True
AMPHAN_20200519T1130.jpg,AMPHAN,2020-05-19T11:30:00,17.33,86.98,945.3,105.8,196.0,Extremely Severe Cyclonic Storm,6,True
AMPHAN_20200519T1200.jpg,AMPHAN,2020-05-19T12:00:00,17.40,87.00,946.0,105.0,194.5,Extremely Severe Cyclonic Storm,6,True
AMPHAN_20200519T1230.jpg,AMPHAN,2020-05-19T12:30:00,17.52,87.02,946.7,104.2,192.9,Extremely Severe Cyclonic Storm,6,True
AMPHAN_20200519T1300.jpg,AMPHAN,2020-05-19T13:00:00,17.63,87.03,947.3,103.3,191.4,Extremely Severe Cyclonic Storm,6,True
AMPHAN_20200519T1330.jpg,AMPHAN,2020-05-19T13:30:00,17.75,87.05,948.0,102.5,189.8,Extremely Severe Cyclonic Storm,6,True
AMPHAN_20200519T1400.jpg,AMPHAN,2020-05-19T14:00:00,17.87,87.07,948.7,101.7,188.3,Extremely Severe Cyclonic Storm,6,True
AMPHAN_20200519T1430.jpg,AMPHAN,2020-05-19T14:30:00,17.98,87.08,949.3,100.8,186.7,Extremely Severe Cyclonic Storm,6,True
AMPHAN_20200519T1500.jpg,AMPHAN,2020-05-19T15:00:00,18.10,87.10,950.0,100.0,185.2,Extremely Severe Cyclonic Storm,6,True
AMPHAN_20200519T1530.jpg,AMPHAN,2020-05-19T15:30:00,18.15,87.12,950.0,100.0,185.2,Extremely Severe Cyclonic Storm,6,True
AMPHAN_20200519T1600.jpg,AMPHAN,2020-05-19T16:00:00,18.20,87.13,950.0,100.0,185.2,Extremely Severe Cyclonic Storm,6,True
AMPHAN_20200519T1630.jpg,AMPHAN,2020-05-19T16:30:00,18.25,87.15,950.0,100.0,185.2,Extremely Severe Cyclonic Storm,6,True
AMPHAN_20200519T1700.jpg,AMPHAN,2020-05-19T17:00:00,18.30,87.17,950.0,100.0,185.2,Extremely Severe Cyclonic Storm,6,True
AMPHAN_20200519T1730.jpg,AMPHAN,2020-05-19T17:30:00,18.35,87.18,950.0,100.0,185.2,Extremely Severe Cyclonic Storm,6,True
AMPHAN_20200519T1800.jpg,AMPHAN,2020-05-19T18:00:00,18.40,87.20,950.0,100.0,185.2,Extremely Severe Cyclonic Storm,6,True
AMPHAN_20200519T1900.jpg,AMPHAN,2020-05-19T19:00:00,18.50,87.20,950.0,100.0,185.2,Extremely Severe Cyclonic Storm,6,True
AMPHAN_20200519T1930.jpg,AMPHAN,2020-05-19T19:30:00,18.55,87.20,950.0,100.0,185.2,Extremely Severe Cyclonic Storm,6,True
AMPHAN_20200519T2000.jpg,AMPHAN,2020-05-19T20:00:00,18.60,87.20,950.0,100.0,185.2,Extremely Severe Cyclonic Storm,6,True
AMPHAN_20200519T2030.jpg,AMPHAN,2020-05-19T20:30:00,18.65,87.20,950.0,100.0,185.2,Extremely Severe Cyclonic Storm,6,True
AMPHAN_20200519T2100.jpg,AMPHAN,2020-05-19T21:00:00,18.70,87.20,950.0,100.0,185.2,Extremely Severe Cyclonic Storm,6,True
AMPHAN_20200519T2130.jpg,AMPHAN,2020-05-19T21:30:00,18.77,87.25,950.7,99.2,183.7,Extremely Severe Cyclonic Storm,6,True
AMPHAN_20200519T2200.jpg,AMPHAN,2020-05-19T22:00:00,18.83,87.30,951.3,98.3,182.1,Extremely Severe Cyclonic Storm,6,True
AMPHAN_20200519T2230.jpg,AMPHAN,2020-05-19T22:30:00,18.90,87.35,952.0,97.5,180.6,Extremely Severe Cyclonic Storm,6,True
AMPHAN_20200519T2300.jpg,AMPHAN,2020-05-19T23:00:00,18.97,87.40,952.7,96.7,179.0,Extremely Severe Cyclonic Storm,6,True
AMPHAN_20200519T2330.jpg,AMPHAN,2020-05-19T23:30:00,19.03,87.45,953.3,95.8,177.5,Extremely Severe Cyclonic Storm,6,True
AMPHAN_20200520T0000.jpg,AMPHAN,2020-05-20T00:00:00,19.10,87.50,954.0,95.0,175.9,Extremely Severe Cyclonic Storm,6,True
AMPHAN_20200520T0030.jpg,AMPHAN,2020-05-20T00:30:00,19.22,87.53,954.7,94.2,174.4,Extremely Severe Cyclonic Storm,6,True
AMPHAN_20200520T0100.jpg,AMPHAN,2020-05-20T01:00:00,19.33,87.57,955.3,93.3,172.9,Extremely Severe Cyclonic Storm,6,True
AMPHAN_20200520T0130.jpg,AMPHAN,2020-05-20T01:30:00,19.45,87.60,956.0,92.5,171.3,Extremely Severe Cyclonic Storm,6,True
AMPHAN_20200520T0200.jpg,AMPHAN,2020-05-20T02:00:00,19.57,87.63,956.7,91.7,169.8,Extremely Severe Cyclonic Storm,6,True
AMPHAN_20200520T0230.jpg,AMPHAN,2020-05-20T02:30:00,19.68,87.67,957.3,90.8,168.2,Extremely Severe Cyclonic Storm,6,True
AMPHAN_20200520T0300.jpg,AMPHAN,2020-05-20T03:00:00,19.80,87.70,958.0,90.0,166.7,Very Severe Cyclonic Storm,5,True
AMPHAN_20200520T0330.jpg,AMPHAN,2020-05-20T03:30:00,19.93,87.75,958.3,90.0,166.7,Very Severe Cyclonic Storm,5,True
AMPHAN_20200520T0400.jpg,AMPHAN,2020-05-20T04:00:00,20.07,87.80,958.7,90.0,166.7,Very Severe Cyclonic Storm,5,True
AMPHAN_20200520T0430.jpg,AMPHAN,2020-05-20T04:30:00,20.20,87.85,959.0,90.0,166.7,Very Severe Cyclonic Storm,5,True
AMPHAN_20200520T0500.jpg,AMPHAN,2020-05-20T05:00:00,20.33,87.90,959.3,90.0,166.7,Very Severe Cyclonic Storm,5,True
AMPHAN_20200520T0530.jpg,AMPHAN,2020-05-20T05:30:00,20.47,87.95,959.7,90.0,166.7,Very Severe Cyclonic Storm,5,True
AMPHAN_20200520T0600.jpg,AMPHAN,2020-05-20T06:00:00,20.60,88.00,960.0,90.0,166.7,Very Severe Cyclonic Storm,5,True
AMPHAN_20200520T0630.jpg,AMPHAN,2020-05-20T06:30:00,20.73,88.02,960.0,90.0,166.7,Very Severe Cyclonic Storm,5,True
AMPHAN_20200520T0700.jpg,AMPHAN,2020-05-20T07:00:00,20.87,88.03,960.0,90.0,166.7,Very Severe Cyclonic Storm,5,True
AMPHAN_20200520T0730.jpg,AMPHAN,2020-05-20T07:30:00,21.00,88.05,960.0,90.0,166.7,Very Severe Cyclonic Storm,5,True
AMPHAN_20200520T0800.jpg,AMPHAN,2020-05-20T08:00:00,21.13,88.07,960.0,90.0,166.7,Very Severe Cyclonic Storm,5,True
AMPHAN_20200520T0830.jpg,AMPHAN,2020-05-20T08:30:00,21.27,88.08,960.0,90.0,166.7,Very Severe Cyclonic Storm,5,True
AMPHAN_20200520T0900.jpg,AMPHAN,2020-05-20T09:00:00,21.40,88.10,960.0,90.0,166.7,Very Severe Cyclonic Storm,5,True
AMPHAN_20200520T0930.jpg,AMPHAN,2020-05-20T09:30:00,21.48,88.15,961.3,88.3,163.6,Very Severe Cyclonic Storm,5,True
AMPHAN_20200520T1000.jpg,AMPHAN,2020-05-20T10:00:00,21.57,88.20,962.7,86.7,160.5,Very Severe Cyclonic Storm,5,True
AMPHAN_20200520T1030.jpg,AMPHAN,2020-05-20T10:30:00,21.65,88.25,964.0,85.0,157.4,Very Severe Cyclonic Storm,5,True
AMPHAN_20200520T1100.jpg,AMPHAN,2020-05-20T11:00:00,21.73,88.30,965.3,83.3,154.3,Very Severe Cyclonic Storm,5,True
AMPHAN_20200520T1130.jpg,AMPHAN,2020-05-20T11:30:00,21.82,88.35,966.7,81.7,151.2,Very Severe Cyclonic Storm,5,True
AMPHAN_20200520T1230.jpg,AMPHAN,2020-05-20T12:30:00,22.03,88.43,969.7,77.5,143.5,Very Severe Cyclonic Storm,5,True
AMPHAN_20200520T1300.jpg,AMPHAN,2020-05-20T13:00:00,22.17,88.47,971.3,75.0,138.9,Very Severe Cyclonic Storm,5,True
AMPHAN_20200520T1330.jpg,AMPHAN,2020-05-20T13:30:00,22.30,88.50,973.0,72.5,134.3,Very Severe Cyclonic Storm,5,True
AMPHAN_20200520T1400.jpg,AMPHAN,2020-05-20T14:00:00,22.43,88.53,974.7,70.0,129.6,Very Severe Cyclonic Storm,5,True
